{"position_player": {"x": 11.66134262084961, "y": 2.0, "z": 9.703606605529785}}